MSG,4,111,11111,AC4144,111111,2016/01/31,14:54:34.479,2016/01/31,14:54:34.434,,,152,150,,,320,,,,,0
MSG,7,111,11111,AC4144,111111,2016/01/31,14:54:35.211,2016/01/31,14:54:35.154,,9350,,,,,,,,,,0
MSG,4,111,11111,AC4144,111111,2016/01/31,14:54:35.514,2016/01/31,14:54:35.481,,,152,150,,,192,,,,,0
MSG,3,111,11111,AC4144,111111,2016/01/31,14:54:35.912,2016/01/31,14:54:35.875,,9350,,,30.03657,-98.62762,,,,,,0
MSG,1,111,11111,AC4144,111111,2016/01/31,14:54:36.148,2016/01/31,14:54:36.137,N889WM  ,,,,,,,,,,,0
MSG,4,111,11111,AC4144,111111,2016/01/31,14:54:36.854,2016/01/31,14:54:36.793,,,153,149,,,64,,,,,0
MSG,8,111,11111,AC4144,111111,2016/01/31,14:54:37.418,2016/01/31,14:54:37.382,,,,,,,,,,,,0
MSG,4,111,11111,AC4144,111111,2016/01/31,14:54:37.420,2016/01/31,14:54:37.382,,,153,149,,,64,,,,,0
MSG,4,111,11111,AC4144,111111,2016/01/31,14:54:37.933,2016/01/31,14:54:37.906,,,154,150,,,0,,,,,0
MSG,3,111,11111,AC4144,111111,2016/01/31,14:54:38.471,2016/01/31,14:54:38.431,,9350,,,30.03495,-98.62652,,,,,,0
MSG,4,111,11111,AC4144,111111,2016/01/31,14:54:39.409,2016/01/31,14:54:39.349,,,155,150,,,-128,,,,,0
MSG,3,111,11111,AC4144,111111,2016/01/31,14:54:39.465,2016/01/31,14:54:39.414,,9350,,,30.03439,-98.62619,,,,,,0
MSG,3,111,11111,AC4144,111111,2016/01/31,14:54:39.877,2016/01/31,14:54:39.872,,9350,,,30.03411,-98.62597,,,,,,0
MSG,8,111,11111,AC4144,111111,2016/01/31,14:54:40.036,2016/01/31,14:54:40.003,,,,,,,,,,,,0
MSG,5,111,11111,AC4144,111111,2016/01/31,14:54:40.299,2016/01/31,14:54:40.266,,9350,,,,,,,0,,0,0
MSG,3,111,11111,AC4144,111111,2016/01/31,14:54:41.007,2016/01/31,14:54:40.987,,9350,,,30.03337,-98.62551,,,,,,0
MSG,4,111,11111,AC4144,111111,2016/01/31,14:54:41.039,2016/01/31,14:54:40.987,,,155,150,,,-128,,,,,0
MSG,1,111,11111,AC4144,111111,2016/01/31,14:54:41.041,2016/01/31,14:54:40.987,N889WM  ,,,,,,,,,,,0
MSG,5,111,11111,AC4144,111111,2016/01/31,14:54:41.248,2016/01/31,14:54:41.248,,9350,,,,,,,0,,0,0
MSG,8,111,11111,AC4144,111111,2016/01/31,14:54:41.715,2016/01/31,14:54:41.707,,,,,,,,,,,,0
MSG,4,111,11111,AC4144,111111,2016/01/31,14:54:42.049,2016/01/31,14:54:42.035,,,155,150,,,-64,,,,,0
MSG,7,111,11111,AC4144,111111,2016/01/31,14:54:45.210,2016/01/31,14:54:45.181,,9375,,,,,,,,,,0
MSG,4,111,11111,AC4144,111111,2016/01/31,14:54:46.555,2016/01/31,14:54:46.492,,,155,150,,,512,,,,,0
MSG,8,111,11111,AC4144,111111,2016/01/31,14:54:46.811,2016/01/31,14:54:46.754,,,,,,,,,,,,0
MSG,4,111,11111,AC4144,111111,2016/01/31,14:54:47.103,2016/01/31,14:54:47.081,,,155,150,,,576,,,,,0
MSG,4,111,11111,AC4144,111111,2016/01/31,14:54:47.548,2016/01/31,14:54:47.540,,,155,150,,,576,,,,,0
MSG,8,111,11111,AC4144,111111,2016/01/31,14:54:47.931,2016/01/31,14:54:47.868,,,,,,,,,,,,0
MSG,4,111,11111,AC4144,111111,2016/01/31,14:54:48.097,2016/01/31,14:54:48.065,,,155,150,,,576,,,,,0
MSG,3,111,11111,AC4144,111111,2016/01/31,14:54:48.121,2016/01/31,14:54:48.065,,9400,,,30.02894,-98.62262,,,,,,0
MSG,5,111,11111,AC4144,111111,2016/01/31,14:54:49.525,2016/01/31,14:54:49.506,,9400,,,,,,,0,,0,0
MSG,3,111,11111,AC4144,111111,2016/01/31,14:54:49.539,2016/01/31,14:54:49.506,,9400,,,30.02806,-98.62206,,,,,,0
MSG,8,111,11111,AC4144,111111,2016/01/31,14:54:49.781,2016/01/31,14:54:49.768,,,,,,,,,,,,0
MSG,5,111,11111,AC4144,111111,2016/01/31,14:54:50.478,2016/01/31,14:54:50.424,,9425,,,,,,,0,,0,0
MSG,3,111,11111,AC4144,111111,2016/01/31,14:54:51.632,2016/01/31,14:54:51.603,,9425,,,30.02673,-98.62120,,,,,,0
MSG,4,111,11111,AC4144,111111,2016/01/31,14:54:51.838,2016/01/31,14:54:51.800,,,154,150,,,640,,,,,0
MSG,4,111,11111,AC4144,111111,2016/01/31,14:54:52.788,2016/01/31,14:54:52.783,,,153,149,,,576,,,,,0
MSG,8,111,11111,AC4144,111111,2016/01/31,14:54:53.856,2016/01/31,14:54:53.831,,,,,,,,,,,,0
MSG,8,111,11111,AC4144,111111,2016/01/31,14:54:55.799,2016/01/31,14:54:55.797,,,,,,,,,,,,0
MSG,3,111,11111,AC4144,111111,2016/01/31,14:54:56.109,2016/01/31,14:54:56.060,,9475,,,30.02396,-98.61932,,,,,,0
MSG,4,111,11111,AC4144,111111,2016/01/31,14:54:56.597,2016/01/31,14:54:56.584,,,153,149,,,448,,,,,0
MSG,3,111,11111,AC4144,111111,2016/01/31,14:54:56.651,2016/01/31,14:54:56.649,,9475,,,30.02368,-98.61916,,,,,,0
MSG,8,111,11111,AC4144,111111,2016/01/31,14:54:58.059,2016/01/31,14:54:58.026,,,,,,,,,,,,0
MSG,5,111,11111,AC4144,111111,2016/01/31,14:54:59.708,2016/01/31,14:54:59.664,,9500,,,,,,,0,,0,0
MSG,4,111,11111,AC4144,111111,2016/01/31,14:55:13.883,2016/01/31,14:55:13.820,,,155,151,,,128,,,,,0
MSG,8,111,11111,AC4144,111111,2016/01/31,14:55:14.325,2016/01/31,14:55:14.278,,,,,,,,,,,,0
MSG,4,111,11111,AC4144,111111,2016/01/31,14:55:14.405,2016/01/31,14:55:14.344,,,155,151,,,128,,,,,0
MSG,4,111,11111,AC4144,111111,2016/01/31,14:55:14.889,2016/01/31,14:55:14.868,,,155,151,,,128,,,,,0
MSG,8,111,11111,AC4144,111111,2016/01/31,14:55:16.169,2016/01/31,14:55:16.114,,,,,,,,,,,,0
MSG,8,111,11111,AC4144,111111,2016/01/31,14:55:17.202,2016/01/31,14:55:17.162,,,,,,,,,,,,0
MSG,5,111,11111,AC4144,111111,2016/01/31,14:55:17.239,2016/01/31,14:55:17.227,,9575,,,,,,,0,,0,0
MSG,3,111,11111,AC4144,111111,2016/01/31,14:55:17.528,2016/01/31,14:55:17.490,,9575,,,30.01055,-98.61092,,,,,,0
MSG,3,111,11111,AC4144,111111,2016/01/31,14:55:24.283,2016/01/31,14:55:24.240,,9600,,,30.00622,-98.60828,,,,,,0
MSG,7,111,11111,AC4144,111111,2016/01/31,14:55:26.208,2016/01/31,14:55:26.205,,9625,,,,,,,,,,0
MSG,3,111,11111,AC4144,111111,2016/01/31,14:55:26.368,2016/01/31,14:55:26.337,,9625,,,30.00485,-98.60746,,,,,,0
MSG,4,111,11111,AC4144,111111,2016/01/31,14:55:26.642,2016/01/31,14:55:26.599,,,157,151,,,384,,,,,0
MSG,3,111,11111,AC4144,111111,2016/01/31,14:55:26.830,2016/01/31,14:55:26.796,,9625,,,30.00455,-98.60724,,,,,,0
MSG,4,111,11111,AC4144,111111,2016/01/31,14:55:27.141,2016/01/31,14:55:27.123,,,157,151,,,384,,,,,0
MSG,8,111,11111,AC4144,111111,2016/01/31,14:55:27.388,2016/01/31,14:55:27.385,,,,,,,,,,,,0
MSG,5,111,11111,AC4144,111111,2016/01/31,14:55:27.412,2016/01/31,14:55:27.385,,9625,,,,,,,0,,0,0
MSG,4,111,11111,AC4144,111111,2016/01/31,14:55:27.715,2016/01/31,14:55:27.713,,,157,151,,,448,,,,,0
MSG,3,111,11111,AC4144,111111,2016/01/31,14:55:28.348,2016/01/31,14:55:28.313,,9625,,,30.00357,-98.60666,,,,,,0
MSG,8,111,11111,AC4144,111111,2016/01/31,14:55:28.400,2016/01/31,14:55:28.368,,,,,,,,,,,,0
MSG,4,111,11111,AC4144,111111,2016/01/31,14:55:28.688,2016/01/31,14:55:28.631,,,158,150,,,448,,,,,0
MSG,3,111,11111,AC4144,111111,2016/01/31,14:55:28.899,2016/01/31,14:55:28.892,,9625,,,30.00324,-98.60647,,,,,,0
MSG,4,111,11111,AC4144,111111,2016/01/31,14:55:29.118,2016/01/31,14:55:29.089,,,158,150,,,448,,,,,0
MSG,8,111,11111,AC4144,111111,2016/01/31,14:55:29.262,2016/01/31,14:55:29.221,,,,,,,,,,,,0
MSG,4,111,11111,AC4144,111111,2016/01/31,14:55:29.667,2016/01/31,14:55:29.614,,,159,150,,,384,,,,,0
MSG,5,111,11111,AC4144,111111,2016/01/31,14:55:31.104,2016/01/31,14:55:31.055,,9650,,,,,,,0,,0,0
MSG,4,111,11111,AC4144,111111,2016/01/31,14:55:31.175,2016/01/31,14:55:31.121,,,159,149,,,256,,,,,0
MSG,5,111,11111,AC4144,111111,2016/01/31,14:55:31.504,2016/01/31,14:55:31.449,,9650,,,,,,,0,,0,0
MSG,4,111,11111,AC4144,111111,2016/01/31,14:55:31.700,2016/01/31,14:55:31.645,,,159,149,,,192,,,,,0
MSG,3,111,11111,AC4144,111111,2016/01/31,14:55:32.001,2016/01/31,14:55:31.973,,9650,,,30.00128,-98.60515,,,,,,0
MSG,5,111,11111,AC4144,111111,2016/01/31,14:55:32.020,2016/01/31,14:55:31.973,,9650,,,,,,,0,,0,0
MSG,8,111,11111,AC4144,111111,2016/01/31,14:55:32.139,2016/01/31,14:55:32.104,,,,,,,,,,,,0
MSG,3,111,11111,AC4144,111111,2016/01/31,14:55:32.437,2016/01/31,14:55:32.431,,9650,,,30.00096,-98.60493,,,,,,0
MSG,4,111,11111,AC4144,111111,2016/01/31,14:55:32.575,2016/01/31,14:55:32.562,,,160,150,,,0,,,,,0
MSG,3,111,11111,AC4144,111111,2016/01/31,14:55:33.012,2016/01/31,14:55:32.956,,9650,,,30.00055,-98.60466,,,,,,0
MSG,8,111,11111,AC4144,111111,2016/01/31,14:55:33.023,2016/01/31,14:55:33.021,,,,,,,,,,,,0
MSG,4,111,11111,AC4144,111111,2016/01/31,14:55:33.538,2016/01/31,14:55:33.480,,,160,151,,,-192,,,,,0
MSG,4,111,11111,AC4144,111111,2016/01/31,14:55:34.394,2016/01/31,14:55:34.332,,,160,152,,,-320,,,,,0
MSG,3,111,11111,AC4144,111111,2016/01/31,14:55:35.124,2016/01/31,14:55:35.118,,9625,,,29.99919,-98.60383,,,,,,0
MSG,4,111,11111,AC4144,111111,2016/01/31,14:55:35.338,2016/01/31,14:55:35.315,,,160,153,,,-448,,,,,0
MSG,4,111,11111,AC4144,111111,2016/01/31,14:55:35.770,2016/01/31,14:55:35.709,,,159,154,,,-448,,,,,0
MSG,8,111,11111,AC4144,111111,2016/01/31,14:55:35.824,2016/01/31,14:55:35.774,,,,,,,,,,,,0
MSG,3,111,11111,AC4144,111111,2016/01/31,14:55:36.164,2016/01/31,14:55:36.102,,9625,,,29.99849,-98.60348,,,,,,0
MSG,7,111,11111,AC4144,111111,2016/01/31,14:55:36.230,2016/01/31,14:55:36.167,,9625,,,,,,,,,,0
MSG,4,111,11111,AC4144,111111,2016/01/31,14:55:36.716,2016/01/31,14:55:36.691,,,159,155,,,-384,,,,,0
MSG,8,111,11111,AC4144,111111,2016/01/31,14:55:36.927,2016/01/31,14:55:36.888,,,,,,,,,,,,0
MSG,5,111,11111,AC4144,111111,2016/01/31,14:55:36.963,2016/01/31,14:55:36.953,,9625,,,,,,,0,,0,0
MSG,4,111,11111,AC4144,111111,2016/01/31,14:55:37.179,2016/01/31,14:55:37.150,,,159,156,,,-320,,,,,0
MSG,3,111,11111,AC4144,111111,2016/01/31,14:55:37.250,2016/01/31,14:55:37.216,,9625,,,29.99775,-98.60306,,,,,,0
MSG,4,111,11111,AC4144,111111,2016/01/31,14:55:37.655,2016/01/31,14:55:37.609,,,159,156,,,-256,,,,,0
MSG,8,111,11111,AC4144,111111,2016/01/31,14:55:38.007,2016/01/31,14:55:38.002,,,,,,,,,,,,0
MSG,4,111,11111,AC4144,111111,2016/01/31,14:55:38.198,2016/01/31,14:55:38.134,,,159,156,,,-192,,,,,0
MSG,3,111,11111,AC4144,111111,2016/01/31,14:55:38.517,2016/01/31,14:55:38.461,,9625,,,29.99687,-98.60262,,,,,,0
MSG,4,111,11111,AC4144,111111,2016/01/31,14:55:38.613,2016/01/31,14:55:38.592,,,159,156,,,-192,,,,,0
MSG,8,111,11111,AC4144,111111,2016/01/31,14:55:38.845,2016/01/31,14:55:38.789,,,,,,,,,,,,0
MSG,3,111,11111,AC4144,111111,2016/01/31,14:55:39.111,2016/01/31,14:55:39.051,,9600,,,29.99645,-98.60246,,,,,,0
MSG,4,111,11111,AC4144,111111,2016/01/31,14:55:39.135,2016/01/31,14:55:39.118,,,159,156,,,-64,,,,,0
MSG,4,111,11111,AC4144,111111,2016/01/31,14:55:39.565,2016/01/31,14:55:39.510,,,159,156,,,0,,,,,0
MSG,8,111,11111,AC4144,111111,2016/01/31,14:55:39.791,2016/01/31,14:55:39.771,,,,,,,,,,,,0
MSG,4,111,11111,AC4144,111111,2016/01/31,14:55:40.073,2016/01/31,14:55:40.033,,,159,156,,,0,,,,,0
MSG,5,111,11111,AC4144,111111,2016/01/31,14:55:40.337,2016/01/31,14:55:40.296,,9625,,,,,,,0,,0,0
MSG,4,111,11111,AC4144,111111,2016/01/31,14:55:40.495,2016/01/31,14:55:40.492,,,159,156,,,0,,,,,0
MSG,3,111,11111,AC4144,111111,2016/01/31,14:55:40.505,2016/01/31,14:55:40.492,,9625,,,29.99552,-98.60197,,,,,,0
MSG,8,111,11111,AC4144,111111,2016/01/31,14:55:40.819,2016/01/31,14:55:40.755,,,,,,,,,,,,0
MSG,3,111,11111,AC4144,111111,2016/01/31,14:55:40.962,2016/01/31,14:55:40.951,,9625,,,29.99524,-98.60181,,,,,,0
MSG,1,111,11111,AC4144,111111,2016/01/31,14:55:41.031,2016/01/31,14:55:41.016,N889WM  ,,,,,,,,,,,0
MSG,7,111,11111,AC4144,111111,2016/01/31,14:55:41.210,2016/01/31,14:55:41.148,,9625,,,,,,,,,,0
MSG,5,111,11111,AC4144,111111,2016/01/31,14:55:41.252,2016/01/31,14:55:41.213,,9625,,,,,,,0,,0,0
MSG,4,111,11111,AC4144,111111,2016/01/31,14:55:41.355,2016/01/31,14:55:41.344,,,160,155,,,64,,,,,0
MSG,3,111,11111,AC4144,111111,2016/01/31,14:55:41.533,2016/01/31,14:55:41.475,,9625,,,29.99483,-98.60159,,,,,,0
MSG,4,111,11111,AC4144,111111,2016/01/31,14:55:41.860,2016/01/31,14:55:41.803,,,160,155,,,64,,,,,0
MSG,3,111,11111,AC4144,111111,2016/01/31,14:55:42.098,2016/01/31,14:55:42.065,,9625,,,29.99444,-98.60136,,,,,,0
MSG,4,111,11111,AC4144,111111,2016/01/31,14:55:42.448,2016/01/31,14:55:42.393,,,160,155,,,128,,,,,0
MSG,3,111,11111,AC4144,111111,2016/01/31,14:55:42.570,2016/01/31,14:55:42.524,,9625,,,29.99414,-98.60122,,,,,,0
MSG,8,111,11111,AC4144,111111,2016/01/31,14:55:42.788,2016/01/31,14:55:42.786,,,,,,,,,,,,0
MSG,4,111,11111,AC4144,111111,2016/01/31,14:55:43.044,2016/01/31,14:55:42.983,,,161,155,,,64,,,,,0
MSG,3,111,11111,AC4144,111111,2016/01/31,14:55:43.472,2016/01/31,14:55:43.441,,9625,,,29.99356,-98.60092,,,,,,0
MSG,4,111,11111,AC4144,111111,2016/01/31,14:55:43.492,2016/01/31,14:55:43.442,,,161,155,,,64,,,,,0
MSG,3,111,11111,AC4144,111111,2016/01/31,14:55:43.916,2016/01/31,14:55:43.900,,9625,,,29.99319,-98.60076,,,,,,0
MSG,4,111,11111,AC4144,111111,2016/01/31,14:55:44.070,2016/01/31,14:55:44.031,,,161,155,,,0,,,,,0
MSG,3,111,11111,AC4144,111111,2016/01/31,14:55:44.496,2016/01/31,14:55:44.490,,9625,,,29.99286,-98.60054,,,,,,0
MSG,4,111,11111,AC4144,111111,2016/01/31,14:55:44.560,2016/01/31,14:55:44.555,,,161,154,,,0,,,,,0
MSG,8,111,11111,AC4144,111111,2016/01/31,14:55:44.976,2016/01/31,14:55:44.948,,,,,,,,,,,,0
MSG,3,111,11111,AC4144,111111,2016/01/31,14:55:44.992,2016/01/31,14:55:44.949,,9625,,,29.99254,-98.60036,,,,,,0
MSG,4,111,11111,AC4144,111111,2016/01/31,14:55:45.110,2016/01/31,14:55:45.080,,,161,154,,,0,,,,,0
MSG,4,111,11111,AC4144,111111,2016/01/31,14:55:45.674,2016/01/31,14:55:45.670,,,162,154,,,-64,,,,,0
MSG,1,111,11111,AC4144,111111,2016/01/31,14:55:45.842,2016/01/31,14:55:45.801,N889WM  ,,,,,,,,,,,0
MSG,8,111,11111,AC4144,111111,2016/01/31,14:55:45.887,2016/01/31,14:55:45.866,,,,,,,,,,,,0
MSG,3,111,11111,AC4144,111111,2016/01/31,14:55:46.056,2016/01/31,14:55:45.997,,9625,,,29.99179,-98.59999,,,,,,0
MSG,3,111,11111,AC4144,111111,2016/01/31,14:55:46.561,2016/01/31,14:55:46.521,,9625,,,29.99144,-98.59976,,,,,,0
MSG,4,111,11111,AC4144,111111,2016/01/31,14:55:47.217,2016/01/31,14:55:47.177,,,162,154,,,-192,,,,,0
MSG,3,111,11111,AC4144,111111,2016/01/31,14:55:47.505,2016/01/31,14:55:47.504,,9600,,,29.99077,-98.59944,,,,,,0
MSG,8,111,11111,AC4144,111111,2016/01/31,14:55:47.641,2016/01/31,14:55:47.635,,,,,,,,,,,,0
MSG,4,111,11111,AC4144,111111,2016/01/31,14:55:48.263,2016/01/31,14:55:48.225,,,162,154,,,-192,,,,,0
MSG,8,111,11111,AC4144,111111,2016/01/31,14:55:48.619,2016/01/31,14:55:48.618,,,,,,,,,,,,0
MSG,4,111,11111,AC4144,111111,2016/01/31,14:55:48.685,2016/01/31,14:55:48.684,,,162,154,,,-192,,,,,0
MSG,5,111,11111,AC4144,111111,2016/01/31,14:55:48.966,2016/01/31,14:55:48.946,,9600,,,,,,,0,,0,0
MSG,3,111,11111,AC4144,111111,2016/01/31,14:55:49.146,2016/01/31,14:55:49.143,,9600,,,29.98965,-98.59885,,,,,,0
MSG,4,111,11111,AC4144,111111,2016/01/31,14:55:49.198,2016/01/31,14:55:49.143,,,162,154,,,-192,,,,,0
MSG,8,111,11111,AC4144,111111,2016/01/31,14:55:49.550,2016/01/31,14:55:49.536,,,,,,,,,,,,0
MSG,3,111,11111,AC4144,111111,2016/01/31,14:55:49.598,2016/01/31,14:55:49.537,,9600,,,29.98933,-98.59863,,,,,,0
MSG,3,111,11111,AC4144,111111,2016/01/31,14:55:50.030,2016/01/31,14:55:49.995,,9600,,,29.98904,-98.59850,,,,,,0
MSG,5,111,11111,AC4144,111111,2016/01/31,14:55:50.472,2016/01/31,14:55:50.453,,9600,,,,,,,0,,0,0
MSG,3,111,11111,AC4144,111111,2016/01/31,14:55:50.616,2016/01/31,14:55:50.585,,9600,,,29.98865,-98.59826,,,,,,0
MSG,8,111,11111,AC4144,111111,2016/01/31,14:55:50.671,2016/01/31,14:55:50.650,,,,,,,,,,,,0
MSG,4,111,11111,AC4144,111111,2016/01/31,14:55:51.238,2016/01/31,14:55:51.175,,,162,154,,,-64,,,,,0
MSG,3,111,11111,AC4144,111111,2016/01/31,14:55:51.610,2016/01/31,14:55:51.567,,9600,,,29.98796,-98.59788,,,,,,0
MSG,3,111,11111,AC4144,111111,2016/01/31,14:55:52.052,2016/01/31,14:55:52.026,,9600,,,29.98769,-98.59774,,,,,,0
MSG,4,111,11111,AC4144,111111,2016/01/31,14:55:52.766,2016/01/31,14:55:52.747,,,162,154,,,0,,,,,0
MSG,8,111,11111,AC4144,111111,2016/01/31,14:55:52.906,2016/01/31,14:55:52.878,,,,,,,,,,,,0
MSG,3,111,11111,AC4144,111111,2016/01/31,14:55:53.381,2016/01/31,14:55:53.337,,9600,,,29.98677,-98.59729,,,,,,0
MSG,4,111,11111,AC4144,111111,2016/01/31,14:55:53.626,2016/01/31,14:55:53.599,,,162,154,,,64,,,,,0
MSG,8,111,11111,AC4144,111111,2016/01/31,14:55:53.756,2016/01/31,14:55:53.730,,,,,,,,,,,,0
MSG,4,111,11111,AC4144,111111,2016/01/31,14:55:54.105,2016/01/31,14:55:54.058,,,162,154,,,128,,,,,0
MSG,5,111,11111,AC4144,111111,2016/01/31,14:55:54.187,2016/01/31,14:55:54.124,,9600,,,,,,,0,,0,0
MSG,3,111,11111,AC4144,111111,2016/01/31,14:55:54.452,2016/01/31,14:55:54.451,,9600,,,29.98602,-98.59686,,,,,,0
MSG,4,111,11111,AC4144,111111,2016/01/31,14:55:54.689,2016/01/31,14:55:54.648,,,162,154,,,192,,,,,0
MSG,3,111,11111,AC4144,111111,2016/01/31,14:55:54.904,2016/01/31,14:55:54.845,,9625,,,29.98569,-98.59669,,,,,,0
MSG,5,111,11111,AC4144,111111,2016/01/31,14:55:55.092,2016/01/31,14:55:55.041,,9625,,,,,,,0,,0,0
MSG,4,111,11111,AC4144,111111,2016/01/31,14:55:55.137,2016/01/31,14:55:55.106,,,162,154,,,192,,,,,0
MSG,1,111,11111,AC4144,111111,2016/01/31,14:55:56.033,2016/01/31,14:55:56.024,N889WM  ,,,,,,,,,,,0
MSG,3,111,11111,AC4144,111111,2016/01/31,14:55:56.079,2016/01/31,14:55:56.024,,9625,,,29.98495,-98.59631,,,,,,0
MSG,4,111,11111,AC4144,111111,2016/01/31,14:55:56.135,2016/01/31,14:55:56.090,,,162,154,,,128,,,,,0
MSG,7,111,11111,AC4144,111111,2016/01/31,14:55:56.210,2016/01/31,14:55:56.156,,9625,,,,,,,,,,0
MSG,3,111,11111,AC4144,111111,2016/01/31,14:55:56.563,2016/01/31,14:55:56.548,,9625,,,29.98462,-98.59610,,,,,,0
MSG,4,111,11111,AC4144,111111,2016/01/31,14:55:56.657,2016/01/31,14:55:56.614,,,162,154,,,128,,,,,0
MSG,8,111,11111,AC4144,111111,2016/01/31,14:55:57.037,2016/01/31,14:55:57.007,,,,,,,,,,,,0
MSG,4,111,11111,AC4144,111111,2016/01/31,14:55:57.197,2016/01/31,14:55:57.138,,,162,154,,,64,,,,,0
MSG,3,111,11111,AC4144,111111,2016/01/31,14:55:57.461,2016/01/31,14:55:57.401,,9625,,,29.98397,-98.59576,,,,,,0
MSG,8,111,11111,AC4144,111111,2016/01/31,14:55:57.864,2016/01/31,14:55:57.859,,,,,,,,,,,,0
MSG,3,111,11111,AC4144,111111,2016/01/31,14:55:57.876,2016/01/31,14:55:57.859,,9625,,,29.98374,-98.59565,,,,,,0
MSG,4,111,11111,AC4144,111111,2016/01/31,14:55:58.253,2016/01/31,14:55:58.252,,,162,154,,,0,,,,,0
MSG,3,111,11111,AC4144,111111,2016/01/31,14:55:58.417,2016/01/31,14:55:58.383,,9625,,,29.98332,-98.59543,,,,,,0
MSG,8,111,11111,AC4144,111111,2016/01/31,14:55:58.899,2016/01/31,14:55:58.843,,,,,,,,,,,,0
MSG,3,111,11111,AC4144,111111,2016/01/31,14:55:58.907,2016/01/31,14:55:58.907,,9625,,,29.98295,-98.59521,,,,,,0
MSG,4,111,11111,AC4144,111111,2016/01/31,14:55:59.300,2016/01/31,14:55:59.300,,,163,155,,,-64,,,,,0
MSG,3,111,11111,AC4144,111111,2016/01/31,14:55:59.456,2016/01/31,14:55:59.432,,9600,,,29.98262,-98.59504,,,,,,0
MSG,4,111,11111,AC4144,111111,2016/01/31,14:55:59.824,2016/01/31,14:55:59.825,,,163,155,,,-128,,,,,0
MSG,3,111,11111,AC4144,111111,2016/01/31,14:55:59.965,2016/01/31,14:55:59.956,,9600,,,29.98228,-98.59486,,,,,,0
MSG,1,111,11111,AC4144,111111,2016/01/31,14:56:01.094,2016/01/31,14:56:01.070,N889WM  ,,,,,,,,,,,0
MSG,3,111,11111,AC4144,111111,2016/01/31,14:56:01.332,2016/01/31,14:56:01.332,,9600,,,29.98132,-98.59432,,,,,,0
MSG,4,111,11111,AC4144,111111,2016/01/31,14:56:01.342,2016/01/31,14:56:01.332,,,163,155,,,-192,,,,,0
MSG,7,111,11111,AC4144,111111,2016/01/31,14:56:01.413,2016/01/31,14:56:01.398,,9600,,,,,,,,,,0
MSG,3,111,11111,AC4144,111111,2016/01/31,14:56:01.738,2016/01/31,14:56:01.725,,9600,,,29.98105,-98.59422,,,,,,0
MSG,4,111,11111,AC4144,111111,2016/01/31,14:56:01.833,2016/01/31,14:56:01.791,,,163,155,,,-192,,,,,0
MSG,8,111,11111,AC4144,111111,2016/01/31,14:56:02.324,2016/01/31,14:56:02.315,,,,,,,,,,,,0
MSG,4,111,11111,AC4144,111111,2016/01/31,14:56:02.834,2016/01/31,14:56:02.774,,,162,155,,,-128,,,,,0
MSG,3,111,11111,AC4144,111111,2016/01/31,14:56:03.096,2016/01/31,14:56:03.036,,9600,,,29.98011,-98.59367,,,,,,0
MSG,3,111,11111,AC4144,111111,2016/01/31,14:56:03.621,2016/01/31,14:56:03.561,,9600,,,29.97973,-98.59351,,,,,,0
MSG,5,111,11111,AC4144,111111,2016/01/31,14:56:04.311,2016/01/31,14:56:04.281,,9600,,,,,,,0,,0,0
MSG,4,111,11111,AC4144,111111,2016/01/31,14:56:04.387,2016/01/31,14:56:04.347,,,162,155,,,0,,,,,0
MSG,8,111,11111,AC4144,111111,2016/01/31,14:56:04.611,2016/01/31,14:56:04.609,,,,,,,,,,,,0
MSG,3,111,11111,AC4144,111111,2016/01/31,14:56:04.705,2016/01/31,14:56:04.675,,9600,,,29.97899,-98.59312,,,,,,0
MSG,4,111,11111,AC4144,111111,2016/01/31,14:56:06.348,2016/01/31,14:56:06.313,,,162,155,,,128,,,,,0
MSG,8,111,11111,AC4144,111111,2016/01/31,14:56:06.813,2016/01/31,14:56:06.772,,,,,,,,,,,,0
MSG,4,111,11111,AC4144,111111,2016/01/31,14:56:07.371,2016/01/31,14:56:07.361,,,161,155,,,192,,,,,0
MSG,5,111,11111,AC4144,111111,2016/01/31,14:56:07.543,2016/01/31,14:56:07.493,,9625,,,,,,,0,,0,0
MSG,5,111,11111,AC4144,111111,2016/01/31,14:56:08.051,2016/01/31,14:56:08.017,,9625,,,,,,,0,,0,0
MSG,3,111,11111,AC4144,111111,2016/01/31,14:56:08.252,2016/01/31,14:56:08.213,,9625,,,29.97657,-98.59186,,,,,,0
MSG,8,111,11111,AC4144,111111,2016/01/31,14:56:08.818,2016/01/31,14:56:08.803,,,,,,,,,,,,0
MSG,4,111,11111,AC4144,111111,2016/01/31,14:56:08.896,2016/01/31,14:56:08.869,,,161,155,,,128,,,,,0
MSG,5,111,11111,AC4144,111111,2016/01/31,14:56:08.923,2016/01/31,14:56:08.870,,9625,,,,,,,0,,0,0
MSG,4,111,11111,AC4144,111111,2016/01/31,14:56:09.442,2016/01/31,14:56:09.394,,,161,155,,,64,,,,,0
MSG,3,111,11111,AC4144,111111,2016/01/31,14:56:09.684,2016/01/31,14:56:09.656,,9625,,,29.97564,-98.59136,,,,,,0
MSG,1,111,11111,AC4144,111111,2016/01/31,14:56:10.912,2016/01/31,14:56:10.900,N889WM  ,,,,,,,,,,,0
MSG,4,111,11111,AC4144,111111,2016/01/31,14:56:10.950,2016/01/31,14:56:10.901,,,161,155,,,64,,,,,0
MSG,8,111,11111,AC4144,111111,2016/01/31,14:56:10.976,2016/01/31,14:56:10.966,,,,,,,,,,,,0
MSG,3,111,11111,AC4144,111111,2016/01/31,14:56:11.348,2016/01/31,14:56:11.294,,9625,,,29.97446,-98.59072,,,,,,0
MSG,4,111,11111,AC4144,111111,2016/01/31,14:56:11.406,2016/01/31,14:56:11.359,,,161,155,,,0,,,,,0
MSG,3,111,11111,AC4144,111111,2016/01/31,14:56:12.425,2016/01/31,14:56:12.408,,9625,,,29.97373,-98.59032,,,,,,0
MSG,5,111,11111,AC4144,111111,2016/01/31,14:56:12.941,2016/01/31,14:56:12.932,,9600,,,,,,,0,,0,0
MSG,4,111,11111,AC4144,111111,2016/01/31,14:56:12.977,2016/01/31,14:56:12.932,,,161,155,,,-64,,,,,0
MSG,3,111,11111,AC4144,111111,2016/01/31,14:56:13.347,2016/01/31,14:56:13.326,,9600,,,29.97313,-98.59002,,,,,,0
MSG,4,111,11111,AC4144,111111,2016/01/31,14:56:13.517,2016/01/31,14:56:13.457,,,161,155,,,-64,,,,,0
MSG,4,111,11111,AC4144,111111,2016/01/31,14:56:13.986,2016/01/31,14:56:13.981,,,162,155,,,-128,,,,,0
MSG,3,111,11111,AC4144,111111,2016/01/31,14:56:14.287,2016/01/31,14:56:14.243,,9600,,,29.97247,-98.58966,,,,,,0
MSG,3,111,11111,AC4144,111111,2016/01/31,14:56:14.843,2016/01/31,14:56:14.832,,9600,,,29.97210,-98.58944,,,,,,0
MSG,8,111,11111,AC4144,111111,2016/01/31,14:56:15.059,2016/01/31,14:56:15.030,,,,,,,,,,,,0
MSG,3,111,11111,AC4144,111111,2016/01/31,14:56:15.950,2016/01/31,14:56:15.946,,9600,,,29.97134,-98.58905,,,,,,0
MSG,1,111,11111,AC4144,111111,2016/01/31,14:56:16.027,2016/01/31,14:56:16.012,N889WM  ,,,,,,,,,,,0
MSG,3,111,11111,AC4144,111111,2016/01/31,14:56:16.534,2016/01/31,14:56:16.471,,9600,,,29.97093,-98.58883,,,,,,0
MSG,8,111,11111,AC4144,111111,2016/01/31,14:56:17.062,2016/01/31,14:56:17.060,,,,,,,,,,,,0
MSG,5,111,11111,AC4144,111111,2016/01/31,14:56:17.278,2016/01/31,14:56:17.257,,9600,,,,,,,0,,0,0
MSG,4,111,11111,AC4144,111111,2016/01/31,14:56:17.440,2016/01/31,14:56:17.389,,,162,155,,,0,,,,,0
MSG,4,111,11111,AC4144,111111,2016/01/31,14:56:17.855,2016/01/31,14:56:17.847,,,162,155,,,0,,,,,0
MSG,4,111,11111,AC4144,111111,2016/01/31,14:56:18.830,2016/01/31,14:56:18.830,,,162,155,,,64,,,,,0
MSG,5,111,11111,AC4144,111111,2016/01/31,14:56:19.561,2016/01/31,14:56:19.551,,9600,,,,,,,0,,0,0
MSG,4,111,11111,AC4144,111111,2016/01/31,14:56:19.915,2016/01/31,14:56:19.879,,,162,155,,,64,,,,,0
MSG,8,111,11111,AC4144,111111,2016/01/31,14:56:20.106,2016/01/31,14:56:20.075,,,,,,,,,,,,0
MSG,4,111,11111,AC4144,111111,2016/01/31,14:56:28.002,2016/01/31,14:56:27.940,,,163,155,,,-192,,,,,0
MSG,3,111,11111,AC4144,111111,2016/01/31,14:56:29.327,2016/01/31,14:56:29.316,,9600,,,29.96214,-98.58420,,,,,,0
MSG,4,111,11111,AC4144,111111,2016/01/31,14:56:29.965,2016/01/31,14:56:29.906,,,163,155,,,-64,,,,,0
MSG,8,111,11111,AC4144,111111,2016/01/31,14:56:30.413,2016/01/31,14:56:30.364,,,,,,,,,,,,0
MSG,7,111,11111,AC4144,111111,2016/01/31,14:56:34.205,2016/01/31,14:56:34.166,,9600,,,,,,,,,,0
MSG,3,111,11111,AC4144,111111,2016/01/31,14:56:34.332,2016/01/31,14:56:34.296,,9600,,,29.95871,-98.58237,,,,,,0
MSG,4,111,11111,AC4144,111111,2016/01/31,14:56:34.946,2016/01/31,14:56:34.886,,,163,155,,,128,,,,,0
MSG,3,111,11111,AC4144,111111,2016/01/31,14:56:35.344,2016/01/31,14:56:35.345,,9625,,,29.95802,-98.58199,,,,,,0
MSG,4,111,11111,AC4144,111111,2016/01/31,14:56:35.535,2016/01/31,14:56:35.476,,,163,155,,,128,,,,,0
MSG,8,111,11111,AC4144,111111,2016/01/31,14:56:36.040,2016/01/31,14:56:36.002,,,,,,,,,,,,0
MSG,8,111,11111,AC4144,111111,2016/01/31,14:56:37.028,2016/01/31,14:56:36.983,,,,,,,,,,,,0
MSG,4,111,11111,AC4144,111111,2016/01/31,14:56:37.414,2016/01/31,14:56:37.376,,,163,155,,,128,,,,,0
MSG,8,111,11111,AC4144,111111,2016/01/31,14:56:37.917,2016/01/31,14:56:37.901,,,,,,,,,,,,0
MSG,3,111,11111,AC4144,111111,2016/01/31,14:56:37.980,2016/01/31,14:56:37.966,,9625,,,29.95624,-98.58102,,,,,,0
MSG,4,111,11111,AC4144,111111,2016/01/31,14:56:38.325,2016/01/31,14:56:38.294,,,163,155,,,64,,,,,0
MSG,3,111,11111,AC4144,111111,2016/01/31,14:56:38.525,2016/01/31,14:56:38.490,,9625,,,29.95583,-98.58081,,,,,,0
MSG,4,111,11111,AC4144,111111,2016/01/31,14:56:38.795,2016/01/31,14:56:38.753,,,163,155,,,64,,,,,0
MSG,4,111,11111,AC4144,111111,2016/01/31,14:56:39.365,2016/01/31,14:56:39.342,,,163,155,,,0,,,,,0
MSG,4,111,11111,AC4144,111111,2016/01/31,14:56:39.955,2016/01/31,14:56:39.932,,,163,155,,,-64,,,,,0
MSG,7,111,11111,AC4144,111111,2016/01/31,14:56:39.985,2016/01/31,14:56:39.933,,9625,,,,,,,,,,0
MSG,5,111,11111,AC4144,111111,2016/01/31,14:56:40.375,2016/01/31,14:56:40.326,,9625,,,,,,,0,,0,0
MSG,8,111,11111,AC4144,111111,2016/01/31,14:56:40.747,2016/01/31,14:56:40.719,,,,,,,,,,,,0
MSG,4,111,11111,AC4144,111111,2016/01/31,14:56:41.313,2016/01/31,14:56:41.308,,,164,155,,,-128,,,,,0
MSG,4,111,11111,AC4144,111111,2016/01/31,14:56:41.876,2016/01/31,14:56:41.833,,,164,155,,,-192,,,,,0
MSG,8,111,11111,AC4144,111111,2016/01/31,14:56:41.935,2016/01/31,14:56:41.899,,,,,,,,,,,,0
MSG,3,111,11111,AC4144,111111,2016/01/31,14:56:42.045,2016/01/31,14:56:42.029,,9600,,,29.95339,-98.57950,,,,,,0
MSG,4,111,11111,AC4144,111111,2016/01/31,14:56:42.448,2016/01/31,14:56:42.423,,,164,155,,,-128,,,,,0
MSG,8,111,11111,AC4144,111111,2016/01/31,14:56:43.668,2016/01/31,14:56:43.667,,,,,,,,,,,,0
MSG,8,111,11111,AC4144,111111,2016/01/31,14:56:45.765,2016/01/31,14:56:45.764,,,,,,,,,,,,0
MSG,4,111,11111,AC4144,111111,2016/01/31,14:56:47.017,2016/01/31,14:56:47.010,,,164,154,,,128,,,,,0
MSG,7,111,11111,AC4144,111111,2016/01/31,14:56:47.029,2016/01/31,14:56:47.010,,9600,,,,,,,,,,0
MSG,8,111,11111,AC4144,111111,2016/01/31,14:56:48.527,2016/01/31,14:56:48.517,,,,,,,,,,,,0
MSG,7,111,11111,AC4144,111111,2016/01/31,14:56:50.108,2016/01/31,14:56:50.090,,9625,,,,,,,,,,0
MSG,3,111,11111,AC4144,111111,2016/01/31,14:56:52.934,2016/01/31,14:56:52.908,,9625,,,29.94585,-98.57542,,,,,,0
MSG,3,111,11111,AC4144,111111,2016/01/31,14:56:54.551,2016/01/31,14:56:54.546,,9625,,,29.94475,-98.57483,,,,,,0
MSG,4,111,11111,AC4144,111111,2016/01/31,14:56:54.772,2016/01/31,14:56:54.743,,,166,154,,,-128,,,,,0
MSG,3,111,11111,AC4144,111111,2016/01/31,14:56:55.070,2016/01/31,14:56:55.006,,9625,,,29.94440,-98.57466,,,,,,0
MSG,7,111,11111,AC4144,111111,2016/01/31,14:56:55.134,2016/01/31,14:56:55.071,,9625,,,,,,,,,,0
MSG,7,111,11111,AC4144,111111,2016/01/31,14:56:55.414,2016/01/31,14:56:55.399,,9625,,,,,,,,,,0
MSG,5,111,11111,AC4144,111111,2016/01/31,14:56:55.582,2016/01/31,14:56:55.530,,9600,,,,,,,0,,0,0
MSG,3,111,11111,AC4144,111111,2016/01/31,14:56:56.043,2016/01/31,14:56:55.989,,9600,,,29.94370,-98.57428,,,,,,0
MSG,3,111,11111,AC4144,111111,2016/01/31,14:56:56.617,2016/01/31,14:56:56.578,,9600,,,29.94328,-98.57406,,,,,,0
MSG,7,111,11111,AC4144,111111,2016/01/31,14:56:57.170,2016/01/31,14:56:57.168,,9600,,,,,,,,,,0
MSG,4,111,11111,AC4144,111111,2016/01/31,14:56:57.625,2016/01/31,14:56:57.561,,,169,154,,,-64,,,,,0
MSG,7,111,11111,AC4144,111111,2016/01/31,14:56:58.105,2016/01/31,14:56:58.085,,9600,,,,,,,,,,0
MSG,3,111,11111,AC4144,111111,2016/01/31,14:56:58.156,2016/01/31,14:56:58.151,,9600,,,29.94218,-98.57348,,,,,,0
MSG,4,111,11111,AC4144,111111,2016/01/31,14:56:58.158,2016/01/31,14:56:58.151,,,169,154,,,-64,,,,,0
MSG,8,111,11111,AC4144,111111,2016/01/31,14:56:58.636,2016/01/31,14:56:58.609,,,,,,,,,,,,0
MSG,3,111,11111,AC4144,111111,2016/01/31,14:56:58.713,2016/01/31,14:56:58.675,,9600,,,29.94179,-98.57324,,,,,,0
MSG,4,111,11111,AC4144,111111,2016/01/31,14:56:59.108,2016/01/31,14:56:59.068,,,169,154,,,-64,,,,,0
MSG,7,111,11111,AC4144,111111,2016/01/31,14:56:59.198,2016/01/31,14:56:59.135,,9600,,,,,,,,,,0
MSG,7,111,11111,AC4144,111111,2016/01/31,14:56:59.200,2016/01/31,14:56:59.199,,9600,,,,,,,,,,0
MSG,3,111,11111,AC4144,111111,2016/01/31,14:56:59.543,2016/01/31,14:56:59.527,,9600,,,29.94122,-98.57294,,,,,,0
MSG,4,111,11111,AC4144,111111,2016/01/31,14:57:00.251,2016/01/31,14:57:00.248,,,170,154,,,0,,,,,0
MSG,7,111,11111,AC4144,111111,2016/01/31,14:57:00.269,2016/01/31,14:57:00.248,,9600,,,,,,,,,,0
MSG,4,111,11111,AC4144,111111,2016/01/31,14:57:01.406,2016/01/31,14:57:01.363,,,170,154,,,64,,,,,0
MSG,3,111,11111,AC4144,111111,2016/01/31,14:57:01.648,2016/01/31,14:57:01.624,,9600,,,29.93970,-98.57214,,,,,,0
MSG,3,111,11111,AC4144,111111,2016/01/31,14:57:02.080,2016/01/31,14:57:02.018,,9625,,,29.93933,-98.57192,,,,,,0
MSG,4,111,11111,AC4144,111111,2016/01/31,14:57:02.524,2016/01/31,14:57:02.477,,,170,155,,,0,,,,,0
MSG,8,111,11111,AC4144,111111,2016/01/31,14:57:02.684,2016/01/31,14:57:02.673,,,,,,,,,,,,0
MSG,3,111,11111,AC4144,111111,2016/01/31,14:57:03.222,2016/01/31,14:57:03.197,,9600,,,29.93854,-98.57148,,,,,,0
MSG,7,111,11111,AC4144,111111,2016/01/31,14:57:03.561,2016/01/31,14:57:03.525,,9600,,,,,,,,,,0
MSG,3,111,11111,AC4144,111111,2016/01/31,14:57:04.167,2016/01/31,14:57:04.115,,9600,,,29.93793,-98.57117,,,,,,0
MSG,8,111,11111,AC4144,111111,2016/01/31,14:57:04.684,2016/01/31,14:57:04.639,,,,,,,,,,,,0
MSG,4,111,11111,AC4144,111111,2016/01/31,14:57:04.995,2016/01/31,14:57:04.967,,,172,154,,,0,,,,,0
MSG,4,111,11111,AC4144,111111,2016/01/31,14:57:05.449,2016/01/31,14:57:05.426,,,172,154,,,0,,,,,0
MSG,8,111,11111,AC4144,111111,2016/01/31,14:57:05.735,2016/01/31,14:57:05.688,,,,,,,,,,,,0
MSG,3,111,11111,AC4144,111111,2016/01/31,14:57:06.017,2016/01/31,14:57:06.015,,9600,,,29.93653,-98.57043,,,,,,0
MSG,4,111,11111,AC4144,111111,2016/01/31,14:57:06.041,2016/01/31,14:57:06.015,,,172,154,,,0,,,,,0
MSG,7,111,11111,AC4144,111111,2016/01/31,14:57:06.208,2016/01/31,14:57:06.146,,9600,,,,,,,,,,0
MSG,7,111,11111,AC4144,111111,2016/01/31,14:57:06.574,2016/01/31,14:57:06.540,,9600,,,,,,,,,,0
MSG,3,111,11111,AC4144,111111,2016/01/31,14:57:07.035,2016/01/31,14:57:06.999,,9600,,,29.93579,-98.57005,,,,,,0
MSG,4,111,11111,AC4144,111111,2016/01/31,14:57:07.516,2016/01/31,14:57:07.458,,,172,154,,,-64,,,,,0
MSG,5,111,11111,AC4144,111111,2016/01/31,14:57:07.601,2016/01/31,14:57:07.588,,9600,,,,,,,0,,0,0
MSG,4,111,11111,AC4144,111111,2016/01/31,14:57:08.496,2016/01/31,14:57:08.440,,,172,154,,,0,,,,,0
MSG,4,111,11111,AC4144,111111,2016/01/31,14:57:08.936,2016/01/31,14:57:08.899,,,172,154,,,-64,,,,,0
MSG,8,111,11111,AC4144,111111,2016/01/31,14:57:09.748,2016/01/31,14:57:09.686,,,,,,,,,,,,0
MSG,4,111,11111,AC4144,111111,2016/01/31,14:57:10.431,2016/01/31,14:57:10.406,,,173,155,,,-64,,,,,0
MSG,1,111,11111,AC4144,111111,2016/01/31,14:57:11.366,2016/01/31,14:57:11.324,N889WM  ,,,,,,,,,,,0
MSG,4,111,11111,AC4144,111111,2016/01/31,14:57:11.376,2016/01/31,14:57:11.324,,,173,155,,,0,,,,,0
MSG,4,111,11111,AC4144,111111,2016/01/31,14:57:11.942,2016/01/31,14:57:11.913,,,173,155,,,0,,,,,0
MSG,4,111,11111,AC4144,111111,2016/01/31,14:57:12.373,2016/01/31,14:57:12.372,,,173,155,,,0,,,,,0
MSG,5,111,11111,AC4144,111111,2016/01/31,14:57:12.714,2016/01/31,14:57:12.700,,9600,,,,,,,0,,0,0
MSG,4,111,11111,AC4144,111111,2016/01/31,14:57:13.366,2016/01/31,14:57:13.355,,,173,155,,,0,,,,,0
MSG,5,111,11111,AC4144,111111,2016/01/31,14:57:13.515,2016/01/31,14:57:13.486,,9600,,,,,,,0,,0,0
MSG,8,111,11111,AC4144,111111,2016/01/31,14:57:13.659,2016/01/31,14:57:13.617,,,,,,,,,,,,0
MSG,3,111,11111,AC4144,111111,2016/01/31,14:57:13.675,2016/01/31,14:57:13.618,,9600,,,29.93104,-98.56747,,,,,,0
MSG,4,111,11111,AC4144,111111,2016/01/31,14:57:13.845,2016/01/31,14:57:13.814,,,173,155,,,64,,,,,0
MSG,4,111,11111,AC4144,111111,2016/01/31,14:57:14.954,2016/01/31,14:57:14.928,,,173,155,,,0,,,,,0
MSG,4,111,11111,AC4144,111111,2016/01/31,14:57:15.495,2016/01/31,14:57:15.453,,,173,155,,,0,,,,,0
MSG,8,111,11111,AC4144,111111,2016/01/31,14:57:16.325,2016/01/31,14:57:16.304,,,,,,,,,,,,0
MSG,3,111,11111,AC4144,111111,2016/01/31,14:57:22.999,2016/01/31,14:57:22.988,,9600,,,29.92420,-98.56384,,,,,,0
MSG,3,111,11111,AC4144,111111,2016/01/31,14:57:23.570,2016/01/31,14:57:23.513,,9600,,,29.92387,-98.56363,,,,,,0
MSG,7,111,11111,AC4144,111111,2016/01/31,14:57:24.207,2016/01/31,14:57:24.169,,9600,,,,,,,,,,0
MSG,4,111,11111,AC4144,111111,2016/01/31,14:57:24.842,2016/01/31,14:57:24.823,,,170,155,,,0,,,,,0
MSG,3,111,11111,AC4144,111111,2016/01/31,14:57:25.426,2016/01/31,14:57:25.413,,9600,,,29.92248,-98.56291,,,,,,0
MSG,4,111,11111,AC4144,111111,2016/01/31,14:57:25.958,2016/01/31,14:57:25.938,,,171,154,,,0,,,,,0
MSG,8,111,11111,AC4144,111111,2016/01/31,14:57:26.650,2016/01/31,14:57:26.593,,,,,,,,,,,,0
MSG,3,111,11111,AC4144,111111,2016/01/31,14:57:27.772,2016/01/31,14:57:27.773,,9600,,,29.92085,-98.56201,,,,,,0
MSG,8,111,11111,AC4144,111111,2016/01/31,14:57:27.790,2016/01/31,14:57:27.773,,,,,,,,,,,,0
MSG,3,111,11111,AC4144,111111,2016/01/31,14:57:29.064,2016/01/31,14:57:29.018,,9600,,,29.91991,-98.56154,,,,,,0
MSG,8,111,11111,AC4144,111111,2016/01/31,14:57:33.856,2016/01/31,14:57:33.802,,,,,,,,,,,,0
MSG,5,111,11111,AC4144,111111,2016/01/31,14:57:35.819,2016/01/31,14:57:35.768,,9600,,,,,,,0,,0,0
MSG,5,111,11111,AC4144,111111,2016/01/31,14:57:36.888,2016/01/31,14:57:36.882,,9600,,,,,,,0,,0,0
MSG,4,111,11111,AC4144,111111,2016/01/31,14:57:37.058,2016/01/31,14:57:37.014,,,168,154,,,0,,,,,0
MSG,3,111,11111,AC4144,111111,2016/01/31,14:57:37.602,2016/01/31,14:57:37.538,,9600,,,29.91382,-98.55824,,,,,,0
MSG,1,111,11111,AC4144,111111,2016/01/31,14:57:41.456,2016/01/31,14:57:41.404,N889WM  ,,,,,,,,,,,0
MSG,7,111,11111,AC4144,111111,2016/01/31,14:57:42.158,2016/01/31,14:57:42.125,,9625,,,,,,,,,,0
MSG,4,111,11111,AC4144,111111,2016/01/31,14:57:42.878,2016/01/31,14:57:42.846,,,166,154,,,128,,,,,0
MSG,4,111,11111,AC4144,111111,2016/01/31,14:57:43.386,2016/01/31,14:57:43.370,,,166,154,,,64,,,,,0
MSG,3,111,11111,AC4144,111111,2016/01/31,14:57:43.414,2016/01/31,14:57:43.370,,9625,,,29.90977,-98.55598,,,,,,0
MSG,3,111,11111,AC4144,111111,2016/01/31,14:57:44.884,2016/01/31,14:57:44.877,,9625,,,29.90874,-98.55544,,,,,,0
MSG,8,111,11111,AC4144,111111,2016/01/31,14:57:46.200,2016/01/31,14:57:46.188,,,,,,,,,,,,0
MSG,4,111,11111,AC4144,111111,2016/01/31,14:57:46.376,2016/01/31,14:57:46.319,,,165,154,,,-192,,,,,0
MSG,8,111,11111,AC4144,111111,2016/01/31,14:57:47.253,2016/01/31,14:57:47.237,,,,,,,,,,,,0
MSG,3,111,11111,AC4144,111111,2016/01/31,14:57:47.336,2016/01/31,14:57:47.302,,9600,,,29.90707,-98.55449,,,,,,0
MSG,4,111,11111,AC4144,111111,2016/01/31,14:57:47.469,2016/01/31,14:57:47.433,,,165,154,,,-192,,,,,0
MSG,4,111,11111,AC4144,111111,2016/01/31,14:57:47.898,2016/01/31,14:57:47.892,,,165,154,,,-192,,,,,0
MSG,7,111,11111,AC4144,111111,2016/01/31,14:57:48.187,2016/01/31,14:57:48.154,,9600,,,,,,,,,,0
MSG,3,111,11111,AC4144,111111,2016/01/31,14:57:48.463,2016/01/31,14:57:48.416,,9600,,,29.90632,-98.55410,,,,,,0
MSG,7,111,11111,AC4144,111111,2016/01/31,14:57:48.582,2016/01/31,14:57:48.547,,9600,,,,,,,,,,0
MSG,4,111,11111,AC4144,111111,2016/01/31,14:57:48.975,2016/01/31,14:57:48.941,,,165,154,,,0,,,,,0
MSG,7,111,11111,AC4144,111111,2016/01/31,14:57:49.638,2016/01/31,14:57:49.596,,9600,,,,,,,,,,0
MSG,5,111,11111,AC4144,111111,2016/01/31,14:57:49.677,2016/01/31,14:57:49.661,,9600,,,,,,,0,,0,0
MSG,4,111,11111,AC4144,111111,2016/01/31,14:57:50.515,2016/01/31,14:57:50.513,,,164,154,,,0,,,,,0
MSG,4,111,11111,AC4144,111111,2016/01/31,14:57:51.944,2016/01/31,14:57:51.890,,,163,153,,,64,,,,,0
MSG,4,111,11111,AC4144,111111,2016/01/31,14:57:52.986,2016/01/31,14:57:52.938,,,163,153,,,128,,,,,0
MSG,8,111,11111,AC4144,111111,2016/01/31,14:57:53.268,2016/01/31,14:57:53.266,,,,,,,,,,,,0
MSG,8,111,11111,AC4144,111111,2016/01/31,14:57:54.399,2016/01/31,14:57:54.380,,,,,,,,,,,,0
MSG,4,111,11111,AC4144,111111,2016/01/31,14:57:54.425,2016/01/31,14:57:54.380,,,163,153,,,64,,,,,0
MSG,3,111,11111,AC4144,111111,2016/01/31,14:57:55.873,2016/01/31,14:57:55.822,,9625,,,29.90120,-98.55119,,,,,,0
MSG,4,111,11111,AC4144,111111,2016/01/31,14:57:56.021,2016/01/31,14:57:56.018,,,162,153,,,64,,,,,0
MSG,8,111,11111,AC4144,111111,2016/01/31,14:57:57.813,2016/01/31,14:57:57.788,,,,,,,,,,,,0
MSG,4,111,11111,AC4144,111111,2016/01/31,14:58:01.168,2016/01/31,14:58:01.131,,,163,153,,,-64,,,,,0
MSG,8,111,11111,AC4144,111111,2016/01/31,14:58:47.585,2016/01/31,14:58:47.529,,,,,,,,,,,,0
MSG,7,111,11111,AC4144,111111,2016/01/31,14:58:47.627,2016/01/31,14:58:47.594,,9600,,,,,,,,,,0
MSG,4,111,11111,AC4144,111111,2016/01/31,14:58:48.031,2016/01/31,14:58:47.988,,,165,154,,,0,,,,,0
MSG,4,111,11111,AC4144,111111,2016/01/31,14:58:48.559,2016/01/31,14:58:48.512,,,165,154,,,0,,,,,0
MSG,8,111,11111,AC4144,111111,2016/01/31,14:58:49.581,2016/01/31,14:58:49.560,,,,,,,,,,,,0
MSG,4,111,11111,AC4144,111111,2016/01/31,14:58:49.601,2016/01/31,14:58:49.560,,,165,154,,,-64,,,,,0
MSG,5,111,11111,AC4144,111111,2016/01/31,14:58:50.310,2016/01/31,14:58:50.281,,9600,,,,,,,0,,0,0
MSG,8,111,11111,AC4144,111111,2016/01/31,14:58:50.687,2016/01/31,14:58:50.674,,,,,,,,,,,,0
MSG,8,111,11111,AC4144,111111,2016/01/31,14:59:17.560,2016/01/31,14:59:17.544,,,,,,,,,,,,0
MSG,8,111,11111,AC4144,111111,2016/01/31,14:59:19.386,2016/01/31,14:59:19.378,,,,,,,,,,,,0
MSG,8,111,11111,AC4144,111111,2016/01/31,14:59:20.271,2016/01/31,14:59:20.231,,,,,,,,,,,,0
MSG,3,111,11111,AC4144,111111,2016/01/31,14:59:20.714,2016/01/31,14:59:20.689,,9600,,,29.84299,-98.51895,,,,,,0
MSG,8,111,11111,AC4144,111111,2016/01/31,15:01:12.310,2016/01/31,15:01:12.295,,,,,,,,,,,,0
MSG,3,111,11111,AC4144,111111,2016/01/31,15:01:49.392,2016/01/31,15:01:49.388,,9600,,,29.74274,-98.46421,,,,,,0
MSG,3,111,11111,AC4144,111111,2016/01/31,15:01:49.877,2016/01/31,15:01:49.847,,9600,,,29.74237,-98.46417,,,,,,0
MSG,7,111,11111,AC4144,111111,2016/01/31,15:01:50.570,2016/01/31,15:01:50.567,,9600,,,,,,,,,,0
MSG,7,111,11111,AC4144,111111,2016/01/31,15:01:50.630,2016/01/31,15:01:50.568,,9600,,,,,,,,,,0
MSG,7,111,11111,AC4144,111111,2016/01/31,15:01:51.632,2016/01/31,15:01:51.616,,9600,,,,,,,,,,0
MSG,8,111,11111,AC4144,111111,2016/01/31,15:01:57.569,2016/01/31,15:01:57.515,,,,,,,,,,,,0
